{"train/loss":0.5546875,"train/lr":0,"train/grad_norm":13.208824157714844,"val/accuracy":0.625,"_wandb":{"runtime":71},"_runtime":71,"train/margin":0.3125,"_step":185,"val/rejected_rewards_dist":{"_type":"histogram","values":[2,0,0,0,0,0,1,0,1,0,0,0,1,1,1,0,1,0,0,0,0,0,0,0,0,0,0,0,0,0,0,1,0,0,0,1,0,1,0,1,0,0,0,0,0,2,1,2,0,0,0,1,1,3,0,0,0,2,1,1,0,0,3,1],"bins":[-3.125,-3.029296875,-2.93359375,-2.837890625,-2.7421875,-2.646484375,-2.55078125,-2.455078125,-2.359375,-2.263671875,-2.16796875,-2.072265625,-1.9765625,-1.880859375,-1.78515625,-1.689453125,-1.59375,-1.498046875,-1.40234375,-1.306640625,-1.2109375,-1.115234375,-1.01953125,-0.923828125,-0.828125,-0.732421875,-0.63671875,-0.541015625,-0.4453125,-0.349609375,-0.25390625,-0.158203125,-0.0625,0.033203125,0.12890625,0.224609375,0.3203125,0.416015625,0.51171875,0.607421875,0.703125,0.798828125,0.89453125,0.990234375,1.0859375,1.181640625,1.27734375,1.373046875,1.46875,1.564453125,1.66015625,1.755859375,1.8515625,1.947265625,2.04296875,2.138671875,2.234375,2.330078125,2.42578125,2.521484375,2.6171875,2.712890625,2.80859375,2.904296875,3]},"_timestamp":1.7761565020236654e+09,"val/best_accuracy":0.625,"val/chosen_rewards_dist":{"values":[2,1,1,0,0,0,1,0,0,1,0,1,0,1,0,0,0,1,0,0,1,1,0,0,0,0,0,0,0,0,0,1,1,1,0,0,0,1,1,0,0,0,0,1,1,1,0,2,0,0,3,0,2,0,0,0,0,3,0,0,0,0,0,1],"bins":[-2.296875,-2.20068359375,-2.1044921875,-2.00830078125,-1.912109375,-1.81591796875,-1.7197265625,-1.62353515625,-1.52734375,-1.43115234375,-1.3349609375,-1.23876953125,-1.142578125,-1.04638671875,-0.9501953125,-0.85400390625,-0.7578125,-0.66162109375,-0.5654296875,-0.46923828125,-0.373046875,-0.27685546875,-0.1806640625,-0.08447265625,0.01171875,0.10791015625,0.2041015625,0.30029296875,0.396484375,0.49267578125,0.5888671875,0.68505859375,0.78125,0.87744140625,0.9736328125,1.06982421875,1.166015625,1.26220703125,1.3583984375,1.45458984375,1.55078125,1.64697265625,1.7431640625,1.83935546875,1.935546875,2.03173828125,2.1279296875,2.22412109375,2.3203125,2.41650390625,2.5126953125,2.60888671875,2.705078125,2.80126953125,2.8974609375,2.99365234375,3.08984375,3.18603515625,3.2822265625,3.37841796875,3.474609375,3.57080078125,3.6669921875,3.76318359375,3.859375],"_type":"histogram"}}