{"train/loss":8.487701416015625e-05,"_timestamp":1.776157103583595e+09,"train/lr":0,"val/accuracy":1,"_step":1239,"val/chosen_rewards_dist":{"_type":"histogram","values":[1,1,0,0,0,0,1,0,1,0,0,2,0,0,0,0,0,0,1,0,0,0,0,1,0,1,1,1,1,1,0,1,0,1,0,1,0,1,0,0,0,0,1,0,0,2,0,3,3,1,1,0,0,0,0,0,0,0,0,0,0,0,1,1],"bins":[4.03125,4.22412109375,4.4169921875,4.60986328125,4.802734375,4.99560546875,5.1884765625,5.38134765625,5.57421875,5.76708984375,5.9599609375,6.15283203125,6.345703125,6.53857421875,6.7314453125,6.92431640625,7.1171875,7.31005859375,7.5029296875,7.69580078125,7.888671875,8.08154296875,8.2744140625,8.46728515625,8.66015625,8.85302734375,9.0458984375,9.23876953125,9.431640625,9.62451171875,9.8173828125,10.01025390625,10.203125,10.39599609375,10.5888671875,10.78173828125,10.974609375,11.16748046875,11.3603515625,11.55322265625,11.74609375,11.93896484375,12.1318359375,12.32470703125,12.517578125,12.71044921875,12.9033203125,13.09619140625,13.2890625,13.48193359375,13.6748046875,13.86767578125,14.060546875,14.25341796875,14.4462890625,14.63916015625,14.83203125,15.02490234375,15.2177734375,15.41064453125,15.603515625,15.79638671875,15.9892578125,16.18212890625,16.375]},"train/margin":11.375,"train/grad_norm":0.10528627783060074,"_runtime":452,"val/best_accuracy":1,"val/rejected_rewards_dist":{"values":[1,0,0,0,0,0,0,0,0,0,0,1,1,0,0,1,1,1,0,0,0,1,3,0,1,1,0,1,1,3,2,1,1,0,1,1,1,0,0,0,1,0,0,0,1,0,0,0,0,0,0,0,1,0,2,0,0,0,0,0,0,0,0,1],"bins":[-9.0625,-8.76171875,-8.4609375,-8.16015625,-7.859375,-7.55859375,-7.2578125,-6.95703125,-6.65625,-6.35546875,-6.0546875,-5.75390625,-5.453125,-5.15234375,-4.8515625,-4.55078125,-4.25,-3.94921875,-3.6484375,-3.34765625,-3.046875,-2.74609375,-2.4453125,-2.14453125,-1.84375,-1.54296875,-1.2421875,-0.94140625,-0.640625,-0.33984375,-0.0390625,0.26171875,0.5625,0.86328125,1.1640625,1.46484375,1.765625,2.06640625,2.3671875,2.66796875,2.96875,3.26953125,3.5703125,3.87109375,4.171875,4.47265625,4.7734375,5.07421875,5.375,5.67578125,5.9765625,6.27734375,6.578125,6.87890625,7.1796875,7.48046875,7.78125,8.08203125,8.3828125,8.68359375,8.984375,9.28515625,9.5859375,9.88671875,10.1875],"_type":"histogram"},"_wandb":{"runtime":452}}