{"train/grad_norm":2.504727602005005,"_timestamp":1.7761868025499158e+09,"_step":418,"train/loss":0.030029296875,"train/lr":3.214460984786521e-07,"_wandb":{"runtime":19492},"_runtime":19492,"train/margin":0.484375}