{"_step":309,"val/rejected_rewards_dist":{"_type":"histogram","values":[2,1,1,0,2,0,0,1,0,0,0,1,3,0,1,0,0,0,0,0,1,1,0,0,2,0,1,0,2,0,0,1,0,0,0,0,0,0,0,0,0,1,1,1,1,0,0,1,0,0,1,0,1,0,0,0,1,0,0,0,0,1,0,1],"bins":[-1.75,-1.688232421875,-1.62646484375,-1.564697265625,-1.5029296875,-1.441162109375,-1.37939453125,-1.317626953125,-1.255859375,-1.194091796875,-1.13232421875,-1.070556640625,-1.0087890625,-0.947021484375,-0.88525390625,-0.823486328125,-0.76171875,-0.699951171875,-0.63818359375,-0.576416015625,-0.5146484375,-0.452880859375,-0.39111328125,-0.329345703125,-0.267578125,-0.205810546875,-0.14404296875,-0.082275390625,-0.0205078125,0.041259765625,0.10302734375,0.164794921875,0.2265625,0.288330078125,0.35009765625,0.411865234375,0.4736328125,0.535400390625,0.59716796875,0.658935546875,0.720703125,0.782470703125,0.84423828125,0.906005859375,0.9677734375,1.029541015625,1.09130859375,1.153076171875,1.21484375,1.276611328125,1.33837890625,1.400146484375,1.4619140625,1.523681640625,1.58544921875,1.647216796875,1.708984375,1.770751953125,1.83251953125,1.894287109375,1.9560546875,2.017822265625,2.07958984375,2.141357421875,2.203125]},"_timestamp":1.7760289607088115e+09,"train/lr":0,"val/best_accuracy":0.78125,"_wandb":{"runtime":115},"train/margin":-0.1796875,"val/chosen_rewards_dist":{"_type":"histogram","values":[1,0,0,0,0,2,0,1,0,0,1,0,1,0,0,0,0,2,0,1,0,1,0,0,0,2,0,1,0,0,0,0,1,0,0,1,0,1,0,1,1,1,2,0,1,1,1,1,0,0,0,0,0,0,0,2,0,1,0,0,0,0,0,2],"bins":[-2.0625,-1.9833984375,-1.904296875,-1.8251953125,-1.74609375,-1.6669921875,-1.587890625,-1.5087890625,-1.4296875,-1.3505859375,-1.271484375,-1.1923828125,-1.11328125,-1.0341796875,-0.955078125,-0.8759765625,-0.796875,-0.7177734375,-0.638671875,-0.5595703125,-0.48046875,-0.4013671875,-0.322265625,-0.2431640625,-0.1640625,-0.0849609375,-0.005859375,0.0732421875,0.15234375,0.2314453125,0.310546875,0.3896484375,0.46875,0.5478515625,0.626953125,0.7060546875,0.78515625,0.8642578125,0.943359375,1.0224609375,1.1015625,1.1806640625,1.259765625,1.3388671875,1.41796875,1.4970703125,1.576171875,1.6552734375,1.734375,1.8134765625,1.892578125,1.9716796875,2.05078125,2.1298828125,2.208984375,2.2880859375,2.3671875,2.4462890625,2.525390625,2.6044921875,2.68359375,2.7626953125,2.841796875,2.9208984375,3]},"_runtime":115,"train/loss":0.7890625,"val/accuracy":0.78125}